{"start":{"x":2.3055555555555554,"y":-12.027777777777777},"end":{"x":23.5,"y":-11.472222222222221},"walls":[{"y":-9.472222222222221,"x":-21.75,"width":24.333333333333332,"height":4.277777777777778},{"y":-1.472222222222222,"x":15.11111111111111,"width":5.666666666666666,"height":4.833333333333333},{"y":1.222222222222222,"x":4.055555555555555,"width":7,"height":4.777777777777778},{"y":-0.08333333333333333,"x":13.61111111111111,"width":6.222222222222221,"height":2.194444444444444}]}